{
    "friends" :[
        {
            "id":1,
            "name":"Mayank",
            "age" : 20,
            "contact": {
                "email": "mayank@example.com",
                "phone": "1234567890"
              }
        },
        {
            "id":2,
            "name":"Agrawal",
            "age" : 25,
            "contact": {
                "email": "Agrawal@example.com",
                "phone": "1234568390"
              }
            
            
        },
        {
            "id":3,
            "name":"Ravi",
            "age" : 30,
            "contact": {
                "email": "Ravi@example.com",
                "phone": "1234567890"
              }
        },
        {
            "id":4,
            "name":"Shyam",
            "age" : 30,
            "contact": {
                "email": "Shyam@example.com",
                "phone": "1234567890"
              }
        },
        {
            "id":5,
            "name":"Mohan",
            "age" : 40,
            "contact": {
                "email": "Mohan@example.com",
                "phone": "1234567890"
              }
        }
    ]
}
